1-anya-ella-lindsey Anya-Ella-Lindsey
1-tim-irfan-dallan Tim-Irfan-Dallan
1-chase-josh-jason Chase-Josh-Jason
2-sam-eric-aron Sam-Eric-Aron
2-michael-zofia-brenda Michael-Zofia-Brenda
2-nathan-inniyew Nathan-Inniyew
1-joey-evie-sam Joey-Evie-Sam
2-jack-milo-aiden Jack-Milo-Aiden
2-jason-kevin-jacob Jason-Kevin-Jacob
2-richard-alfonso-sam Richard-Alfonso-Sam
2-iliana-ritu-lena Iliana-Ritu-Lena
2-trey-moses-1 Trey-Moses